ID,Label
A2RAHVQXI12VGA,User
A1WZWIME0UDS0M,User
A184K5PFSEL337,User
A2EDWI5EGP4V9N,User
AK0CENM3LUM28,User
A12L1NY994GXSF,User
A29JUMRL1US6YP,User
A3KIRC8DQF0Y9Q,User
A263978BIOCRZV,User
A39FLPUWTNESK0,User
A1YHXGV6GC51IM,User
A1U6XG3OMP5S62,User
A2G1LRD120SJPC,User
A1WKFVJCSW1OW6,User
A2VO25MGV2JZP4,User
A16J84BXTPH30,User
A371B3Z09W4GT5,User
A272NYWBBGVAEO,User
A34BRSDS9MJXTZ,User
ADXXVGRCGQQUO,User
AJD41FBJD9010,User
A27RU85KTI2QJ1,User
A30M06JH5R1831,User
A2Z7T96L8XQKOG,User
A18UVHCREY2RE2,User
AFGHXL0I9BYXD,User
B0002DGRZC,Prod
B0002DGRQ6,Prod
B0002DGRRA,Prod
B000255OIG,Prod
7310172001,Prod
B0002DGRPC,Prod
B000ILEIUE,Prod
7310172101,Prod
B0002DGRSY,Prod
B001B4VOQI,Prod
