ID,Interval
A1H4IVXNXWWBLV,User
A398R165PXFOSS,User
A1JYC55FWV9CW4,User
A3BD5B8Y8MY25X,User
A1WX42M589VAMQ,User
A2GD3MQQZC4UT7,User
A3ECE51AG6ZK4B,User
A1V3QP9L9DVQWL,User
AG7KGQWJJS9SC,User
A2GK40FX5KIWTN,User
A23WE733QT4WGJ,User
A2R8ON13MVA57,User
A1IPRUL5DBLO6Q,User
A2A8RWX4APTK1U,User
A9P5QYL4LVMOX,User
A17WKJUZPRWGY9,User
A1LJR5IS0B6ADX,User
A1DW1FK1H3F2TM,User
A2LXC5ZHHP0WXP,User
A3W37DL6P9WZHC,User
ATSAX8ZTAX58B,User
A1DEBB7A9T1XS,User
A1KJH57UFCFUN0,User
A1R1BFJCMWX0Y3,User
A1J52MX2YDWSU0,User
A14L15JM990MBP,User
ALPB765XCHABX,User
A3EJ8XHVDC0CWH,User
A2V1J3JT5OOZFO,User
A21GKWZJL8BVJ7,User
A1F5L6NPU5SWP1,User
ANSGM5B0542MM,User
A3ICHEO78NFE4Y,User
A31BD4RXCON7QO,User
A234HXDATOAYEY,User
A1533UHM87FNCQ,User
A1IU7S4HCK1XK0,User
AJD41FBJD9010,User
A3H1V2E2O81536,User
A37IG6KAHNLQAX,User
A2IJYNN04TGHGE,User
AX4KUMJVBALEV,User
AVYV7GG3JUKT3,User
A3G8C334EDZPP7,User
A23GFTVIETX7DS,User
A2GR7SRMJ54RG7,User
A1EYSO6BZ9NF58,User
A3E8Z68JYZ38G,User
A1W2F15YRW36XF,User
AUINI96NMGXUI,User
A24CFW43ZERCSU,User
A2XPBTZZ4I080R,User
A3KIRC8DQF0Y9Q,User
A15LVXQI2YXB4Z,User
A479H261D2695,User
ATUYEDUIBZ5MI,User
A38Z6AXXVW5EWR,User
A1W415JP5WEAJK,User
A3RPJGRMYTU59U,User
A3TSM1O8F1JUD5,User
A1NMLNH40B9XM9,User
A1XJOSJN6FHFO0,User
A1RRHET1QIP1YK,User
A2II09GQGWOMTQ,User
A2H84V55USFJQX,User
A4GB8I8ACS4PM,User
A3J56VQ11MKTJT,User
A2J60ZJH2ZBKE6,User
ABC68JUCPTVOE,User
A1ODOGXEYECQQ8,User
A1MWRQCMOLQSBF,User
A3EZUYRJRZBZ5R,User
AVCA516CFZ9HF,User
A1JMR1N9NBYJ1X,User
AS8WFSJTEPKX0,User
AAE1QRFIZH6UO,User
A1MUUZGK1WA6I6,User
A1JTZ9K2RZKAA4,User
A33M7WZLMRHY0A,User
AYGECESRGF4YB,User
A37RIRXE3WECZ,User
A2D9OASHI47H73,User
A2NUBL2UYWPBWR,User
A2USKG8N6F43AR,User
A17XZ3BLTBJ9JL,User
A1LQV0PSM04DWI,User
A1XMU567KEIZRS,User
AFDTV642ZGJ8S,User
A3FKPWE7YBKPCO,User
A2B9GVKFAI76XS,User
A1DU58OZJNPUHV,User
AJKJBUF3BUXH0,User
A1VXAORWVJCGJF,User
A89ZZKNDFQH23,User
A3J5G2Y8B0GD19,User
A1GB1Q193DNFGR,User
A2Y8IDC1FKGNJC,User
A1KL5NHQ6FOQ3K,User
ASST51ORV4IEK,User
A3VMD1TVFCK9KB,User
A35JP8KSV9281K,User
AQ3IN3MRXQ5KH,User
A2W9I628I6SE1U,User
AYQQOW0VR0YF5,User
A2VET003MCRZM2,User
A13MS1JQG2ADOJ,User
A2ZOVHKYDH4UOJ,User
A3E0OQIXU6S3CI,User
A3I5YPJZMTG1QO,User
A2NUHWMHA9XNKV,User
AY1EF0GOH80EK,User
AKMEY1BSHSDG7,User
A2XJ6SGZP7V6C4,User
A1UVLNNXPKEO04,User
A3BUWPGBC82ZB,User
A18YMFFJW974QS,User
AM3XNQU9TZBD8,User
A3FGGGA3ADZ2Z9,User
A2DPQ82V9HI4TJ,User
A3F73SC1LY51OO,User
A2PFZAO76694BS,User
A1RXMY3CMJPNAX,User
A28ZDVY6NV75P,User
A2WSAGFJSQC1YF,User
A2YHXAZLCLDT8D,User
ANGH6401L9Y0T,User
AJPKDAFL8B7MO,User
ASCVAUPIB31OD,User
AR1T36GLLAFFX,User
A2PSC7LUNIDEAH,User
AYJO0BRLZV97N,User
A3C5231O0WQX10,User
A52X1I4UT56KL,User
AYB4ELCS5AM8P,User
A2F56CRL29D7QN,User
A1N1H9FB2LKVI3,User
A3I2J3XODSJXOI,User
A1XV6E6HR9HSZZ,User
A1VTP9QUHAOTXR,User
A26CPDPXCQLIVP,User
A31PX9L81BQ6ZS,User
A3084RD2YNXRXJ,User
A383XURHVF8ON6,User
A1W9PNPJDJUKFV,User
A1ELPCBX2UYXE6,User
AN2L4SGD2LDX2,User
ARWRBORADGA3G,User
A3TNR97O3KP4Q7,User
A26XDUB031X5AV,User
A13T0V3LHOTHDL,User
A3K3YJWV0N54ZO,User
A1VBDMNT6I8RE5,User
A2DCI3LYFLI95U,User
A1HOAKWMG13E2,User
A3H6NNGCINPLEC,User
A25THJL7YWYDNF,User
A1YJEYJFQD1HI1,User
A9PYL5E1JJEL5,User
A1MFG9E45RX5OW,User
A1LEV4H5ZQ55J2,User
A1JZV9MCT6KOX4,User
A16GY2RCF410DT,User
A184K5PFSEL337,User
AFH6TT0SWN59L,User
A27RU85KTI2QJ1,User
AMFVLGQSV1X3R,User
AMQ3RAQ8K3GL1,User
A22PUBSSNP54L,User
A2A1XYSB692L6J,User
AN6G00SYXBOV3,User
AX5JX1E40EBT8,User
ANCOMAI0I7LVG,User
AV9UMFR3N7BHV,User
A2G9JJ0EI0JVIA,User
A3RRSB7FFM07ZU,User
A1Y09QLADQYQJG,User
A5AJKFDNSA4J5,User
A14YBOI1XSJ0UP,User
AWLA2SJ05MISS,User
A1ELW55VCZ1BVB,User
AZ7GJ72KEZTB9,User
A2HIZRVOKXKZ52,User
A28WXDXJA1P0MC,User
A3KRU58D2MSDE2,User
A8327GB5QGPBN,User
AQ80LJNDLVZPG,User
A2JV8PH4NGQPJ6,User
A30XI6J5FBBAZB,User
A3R2YB0WTTB0IJ,User
AWJXWD0EMKIUV,User
A344SMIA5JECGM,User
A2X50XV8GRZ4HG,User
A2FRFAQCWZJT3Q,User
A6OKB19K5L1K9,User
A25C2M3QF9G7OQ,User
A31ER2DX51BCMD,User
A1U1GYM2SIA2PY,User
A364DHK3SA6HEE,User
A33PLZ7SD5MCG0,User
ADDDFVHP3CSVA,User
AXJC64JU3BX3G,User
A1K94LXX833JTT,User
A1J92I2HPUPAXT,User
A1VA7HY8WEU47,User
A1JVFV1VAA08X,User
A3A15L96IYUO6V,User
AUV3OR951650C,User
A1BA72K4VK1UN1,User
A7TJLK2BLJ5U2,User
A2WP82F8OT207X,User
A25JMYLCBYKEKL,User
A1FRKRUFEEJWIT,User
A1L8DNQYY69L2Z,User
ANRV5VWOCM1Q2,User
A914TQVHI872U,User
AX668BUQRHI7C,User
AEZXQTGFWEF09,User
A1IX0NC997O0NS,User
A2BJTZ5JZHAJ9B,User
A2B0YKE5HE3I9F,User
A2H3SATAEPFUDW,User
AFEN54UGJQOK9,User
A253F3QA4WHGXU,User
APEILSU1T9T6K,User
A21Q29J3ZWPDNP,User
A2QGP7E8LSC7TG,User
A21T963HSJXVGX,User
A263978BIOCRZV,User
A23QOAXJSWIBS6,User
A1NOWEOLKMRRXM,User
ADODIH2V6UBQ9,User
AXLSYCFQEQ3FD,User
A3GRN6J64F2C3X,User
A3C4GJREDWZWKE,User
A2EIKJ2XFU6J9T,User
A2B73CL3QSYWLB,User
A3XT9UO2Z8IKZ,User
A157XTSMJH9XA4,User
A2UOHALGF2X77Q,User
A1FWFCJU2G7TRA,User
A1FZ2I81RT0AUX,User
A30VT2JRINV2R0,User
A3QZXC23H87F7H,User
A1FMJJKSVQDDQ,User
ANY74IVWZPZ3,User
A3STQOFW0PNSTG,User
A2QMG8YITGWJE7,User
A3KLZ5JYDIYZES,User
A2BJEIB8295WPK,User
A1L91NLNUQSOEW,User
A1OI15XSWJ8FFX,User
A35OA53L058D6X,User
A34BRSDS9MJXTZ,User
A157NH3OJD4WDG,User
A2O65R7YQNOR3C,User
A117F9ZHNYRQJ9,User
AC392489765D3,User
AU0E2I06YSFA4,User
A21NG6I8DONST8,User
AZADBDIG2188H,User
AZ40270J4JBZN,User
A2WSGQ7OGS6FGB,User
A2E1UPR4LZJSF2,User
AAI57M3OXP5NK,User
A1IH42TUIZ2XJL,User
AHN86VFJIJ2JP,User
A371KZ5U8RQ5PL,User
AWKZAUC0D8DYL,User
A1ZB1DWIQ584HK,User
A3FQA6T5Z650YK,User
ABEIRM40JQHHN,User
A1BOVELHMYPD4W,User
A3DH4ZP2L236UW,User
A1HSL0XKDVO0XJ,User
A19XBW5WUDH1Z,User
A1MPM503ZOI5YD,User
A12L1NY994GXSF,User
A212YFPHGX0GMK,User
AHKPZ11JT110F,User
A1QFQ47QM779YQ,User
A2JKR2KYQ9QC8X,User
A1K1XKNEZK8U82,User
A302EYUTYTOTZ0,User
A1ZPALFR6ZYKRH,User
A18ZB4D4Y35516,User
AATKF0HDBQL86,User
A3TYRRCF18LGNK,User
A19J97YZF9IR5K,User
A3CASVBAPPKA3S,User
A2TKAV768UGP49,User
AXLTYZSZ49Y70,User
A2CRE3753UMKEK,User
A143HKSYU2FQP0,User
A2AP040QO3RGYN,User
A1UHTJ2NZ0IYJH,User
A3KXPLKL5EPJX,User
A1OBPHRXHZF8P6,User
A30H2335OM7RD6,User
AFV2584U13XP3,User
A221IYGUANAAL2,User
A1US2SMTX9OVBO,User
AG08SJC4G3PY,User
A1E83436ZG9QK8,User
A2G1LRD120SJPC,User
A2ZO1AYFVQYG44,User
AQFIH82DRPMW,User
A3MU6WPG4R7XIB,User
AEPJYN0NAX9N4,User
A1WVMU2PMQ0GXW,User
A3PVRBBGCSGP0Y,User
A35ZK3M8L9JUPX,User
A33AQPJYH7UUXR,User
A2LN4UD395G2B6,User
AJV985MKGCIQ0,User
A3A03I3P91BGH4,User
A3UZFFYL4HSVPV,User
A22MDTDACZTQ9U,User
A2OEUROGZDTXUJ,User
A22J92A80WI059,User
A1P70MC7XXRFX8,User
AS5VIFYZBZTSA,User
A37U44QN3A3DJN,User
A20Y4QKFFH7A2X,User
A297Z39UJY3B34,User
A2ZEFDVX4X5TPX,User
A36OQAHZ4KH4RI,User
A19JYLHD94K94D,User
AXL6XWUCXNV9Z,User
A4EB8WZNMNFE,User
AV2HBHXHIOVR9,User
A2Q9RFTXS1K26U,User
AG90OGHDGOOVH,User
A58VYTDIZJM77,User
A18UVHCREY2RE2,User
A1SQR1JBJ56ZK7,User
A31N6KB160O508,User
A1033RWNZWEMR5,User
A38K04MT5LR0JC,User
A3EDHHNA8R84S6,User
AQHATKEPH80P0,User
A3HHLRVCGQW0L7,User
A1LFXR2GB56XWA,User
A3CG6YLYZJXQG4,User
A1BJHZE41QWBX6,User
A3INCTNTF66OLV,User
A3OFJES10PZGEH,User
A1A1BM6N28X9J0,User
A1V5MY8V9AWUQB,User
A3KJGZ6K5SKASL,User
A24IUOMVERXVEG,User
AKFEZQG6TX0KC,User
A16YU3GRGCD95S,User
A352E6CIHV73VK,User
A26LQTZXVRIH87,User
AAFFKYJ5DC0FV,User
AMYTL79JMGQ6D,User
AU2LNDRGFOS8J,User
A3PJZ8TU8FDQ1K,User
A3TIL1PC2ZE97B,User
A17QXNESJVFOQ2,User
A7161PRO2YD3T,User
A5YACGTYAZKAL,User
A2KJPG496XHHLB,User
A2OJCTT5WLB2HR,User
A1OP3SQP78M1PP,User
A1QVG6MJG6Z43Y,User
A2S4LN4MKQ1XPC,User
A16J84BXTPH30,User
A2RUXYJ515XHQ3,User
AJ5QH3PR24L2L,User
ALCHVSBWBFFJZ,User
AE9ZBY7WW3LIQ,User
A45VR3HRDC8F,User
ACTQNCXX3D9O8,User
A265LZUGGVNVIV,User
A1LHAXBM5GBJS2,User
A2CB7HX0U1CUKW,User
AG7EF0SVBQOUX,User
A1YVO5V1SO18DZ,User
A39BNX3RKYTVE8,User
A2IYLMDQGBB4VG,User
A250AXLRBVYKB4,User
ADNABCDGM22PU,User
A14Z6D3IRJ23F7,User
A2MPA16ZVRJ896,User
AKACGHPVILE9R,User
A1SW7CPWOQS9N7,User
A1JQEIKTXL8D21,User
A1WKFVJCSW1OW6,User
A9WRBX9150HCU,User
A3ODTU118FKC5J,User
A2CJVI52DULH7P,User
A1TJT6GXDGNN8Q,User
A1KTOS2XRCSCYE,User
A2897AVXJCJPM2,User
A3RZG11KD34WVA,User
A2W9B725TZBXOX,User
A2K6ZD7HQ2OGWM,User
A2MUGFV2TDQ47K,User
A3AZI828WJN1CD,User
A223KNNTFHHIM7,User
A2YPGQH2UGGTM2,User
A2RLGG5XB5ID34,User
API663PFYRQCP,User
A3NMA7RSO2HMBG,User
A2JP9E1H0SF392,User
A1KNF8V0TT4LW2,User
A31NOOFT502ZH9,User
ACAXV4V8PBCE3,User
AJ6QSIPKRWTG3,User
A2ZP8TCVQ8Q2IE,User
A1X1CEGHTHMBL1,User
AFHIOZC7DNAI,User
A2OAYIM13WIXCH,User
A3GJJ634MTAJ06,User
A1XFT3DORZ3K5G,User
A3VYXFNO8AI7EF,User
A2VJKSJQO9IKNW,User
A1MP8Z3WQ1DD5A,User
A2H2I5FY1PUHP1,User
A1UBDD8KG6Q23J,User
A9S4LP09MYESM,User
A1ONWQH8IQKWKH,User
A3FIY789DECXY7,User
A1ER5AYS3FQ9O3,User
A30M06JH5R1831,User
A21F5EJGLBH2QL,User
A3GVS68MFATQAK,User
A3FY6Y2VE7AWYJ,User
A2EDWI5EGP4V9N,User
ATY1J77C6E72V,User
A1E5AVR7QJN8HF,User
A314APAWYQFKBJ,User
A1YVJENMZL29O7,User
A2AGGA5NG8Q6A4,User
A382CY938Z79EX,User
A3IPGCVNG88DSR,User
A1V8UMNTKNAF3I,User
A296N1BPL2LBAA,User
A2SWO60IW01VPX,User
A2ZEW2KJ76TSMA,User
A1QQBXWG3SU8WR,User
A3TFTWTG2CC1GA,User
A38RDZ7AXT6XIB,User
A1U6XG3OMP5S62,User
A3U62RE5XZDP0G,User
A4YWMZ5EWFEKU,User
AM4AA7X9HQCDA,User
A4JHEO7H330AF,User
A257TD5GO1T81W,User
AGFV9F4CI93S3,User
A3TFIDKZC95ZK7,User
A3KV0NO0TQTW3Y,User
A158I4XBGHVQ7W,User
A2B3B8ALWKSLKR,User
A129LFK27JMYB3,User
A2OIH61PAAW602,User
AHIK7BUXFRMT8,User
A2G294GBZVUT4A,User
A2AQUIHJELUVLE,User
A1E4ERFN67OMJY,User
A1TMAVN4CEM8U8,User
AIEEK7AHXKZCC,User
A3DGMXQVIT6R31,User
A1ZH086GZYL5MZ,User
A2QTSZOFJDM8I7,User
A28FG53AH3K4UN,User
A1ITRGMT80D5TK,User
A1CV6GLAPUIP80,User
A15ZHGBZRF3623,User
A281NPSIMI1C2R,User
AIBHCBMBC8Z66,User
A2XAKGRUHIE2ZA,User
A1ACM1CBGORBN1,User
A2BJ8NBH1VHC8D,User
A3H8PA7AG48K33,User
A1U5G6R65E617R,User
AYNAH993VDECT,User
ALD467ZEFBPDF,User
A282OG9GRBXNEE,User
A1Z54EM24Y40LL,User
A1T9FKN32AMZSR,User
A30HSVVNPLK955,User
A3OCCDTAMODER1,User
A2WW57XX2UVLM6,User
A2U4X4HOBT90T4,User
A1MUCR6OGBLH8Y,User
A28YBV7OYX53KQ,User
A1PVUZT31ZYG8Q,User
A25G3543IZ2SY8,User
A1XNHRL5TPXK6N,User
A2WTQL7T70Z1H1,User
APP8XWYYV4PAA,User
A5F2CS558RBDA,User
A260DR5GXQ5NMJ,User
A2Z7T96L8XQKOG,User
A28UDMHG53LMJ1,User
A3DZFEICHK5LF2,User
A3EOVXI1VZIHUQ,User
A2I98OOPNIJNYY,User
A21TW3KGHTI1G0,User
A2VO25MGV2JZP4,User
A13LAE0YTXA11B,User
A1G3SYHKCFNYLJ,User
A3R9XUPGNQBAYO,User
A2N3BRPS0NS7FF,User
A2H2LJCQ5DJ5K3,User
A1CBIY98YP57LZ,User
A74C7IARQEM1R,User
AW3FTPCBPVQNB,User
A1DH3QDZX8Z7GO,User
AFGHXL0I9BYXD,User
ADIDQRLLR4KBQ,User
A2N2C3DZ47WO6C,User
A21D27EKHICKY3,User
A36Y3IVPW2U16,User
A73DFWJE0CGY6,User
A1Y1L56592H2ZX,User
AHO9WEN2OPE55,User
A6QPAO2ZF27SD,User
AMG0MU63Y2KUC,User
AAJ58L5DAM808,User
AB0W9GTNGHSI3,User
A26DDK7ACX8QKK,User
A2TO4JQJ9HQ5JA,User
A3PJJ7MNJNBXXO,User
A4Z0JCSDTQZ88,User
A31X839XCZ3WE9,User
A2N19WG3ZA01N6,User
ABU05VJAR81ZZ,User
A48VQ893Z2KQR,User
A1YCWZWOXLUAY5,User
A2GOE7ITDGYVE,User
A3OXHLG6DIBRW8,User
A1048CYU0OV4O8,User
AJ1CE24O54TFM,User
A2SPSSA2FOD48K,User
A2JTZI7Y58X9W5,User
A33Y8C4818EJL0,User
A12D1F0XB6E4PO,User
AGJJLOPCMEFBK,User
A1SHHQSPOWR00F,User
A2A6NH6DPE0VXR,User
A2K5ZC17ZSX2F0,User
A1WZWIME0UDS0M,User
A1H9VU1FACOXLN,User
A2YYTZDZD7V7MX,User
A15J07RXB3W0YX,User
A2EMJYWOXVQGIN,User
A1SK9O1C7KOLMH,User
A1YHXGV6GC51IM,User
A55MRYPUAX4QU,User
ADXXVGRCGQQUO,User
A3FCL4APUQPOKF,User
AWZ1C2FT0L3W9,User
A3HU1E3N2G9PF0,User
A1F2EYORWOZ3G1,User
A3CG93783LP0FO,User
AB094YABX21WQ,User
A2HVL790PBWYTU,User
A3K8TDFH5GOPNE,User
A3094EPI56GKZ6,User
AWFA4158DDDWC,User
ANDCFU8FAQY3Z,User
A23BBZOSGYF8LO,User
A3A90CELVLOUP6,User
A2ZZO3N7Q44GVE,User
AGC5NYST4ENL0,User
A1AST89AHN17O7,User
A1D9CI50OCJFDH,User
A2OVTKEK3UBMA,User
A186Y1BDGRGAOQ,User
A3MFU0GVZUVH3K,User
A2EUY9REPJ0XR4,User
A1CAA94EOP0J2S,User
A21N1PT1A908KW,User
A3UAV8WK31RJY5,User
A3M174IC0VXOS2,User
A1JBBR4MNGQ70G,User
A103U3KR4L2ZXT,User
A2RAHVQXI12VGA,User
A2NMQWBDWT3SQF,User
A35E1H06KWDFAJ,User
A3S43PKPN63CW4,User
AAXPCLWB7XLD9,User
A3B6TOEXSQVO24,User
A3D6OI36USYOU1,User
A1E0TDGRVZKCWK,User
A2SLX6UHHYCMCV,User
A25HD3SZ9HFODY,User
A4KJTS5P78ICU,User
A156EBHFB3ON0I,User
A2HE4PCOOEGLL5,User
A2YDJARD9Y9R2J,User
A39FLPUWTNESK0,User
AITCND1WAR7MA,User
A9FPWQFMN25K5,User
A2DE6B05NCDRK3,User
A32EI3R8L7D8SU,User
A1RSXP7MB772E3,User
ALHX4DKHGQD4Z,User
A15T9G38F589KM,User
A38H80FBUIF8I3,User
A1WP28Z1HFLX4W,User
A36MP37DITBU6F,User
A11QN7NDE3AROH,User
A3U3S446F9ZDG2,User
A331TXDQ3NFCHG,User
A30CE2CDDBVNDE,User
A2056IUSL6YE5,User
A1PC5TEDZPITWN,User
AT38LN55YNZM4,User
AMRMK86X3PKXD,User
AF44MU313L704,User
A1C139F5C7Y38P,User
A27VE8EB7HH0KL,User
A1IRN1M05TPOVT,User
A3EKHSRZKXRIFK,User
ALAA0P3GK1VBR,User
AP5V6ESC7K477,User
A1DDOIW8HEGEWC,User
AOH7GK7HYGVP,User
A3H1K0HJ6BGXRL,User
A1SPFZ5BOIMIXR,User
A1KPALLWZ73M27,User
A3SSEJ8IEM4YGW,User
AD8X8DT1F6WMQ,User
A1ACY29BTHNJU2,User
A1BZEGSNBB7DVS,User
A3PZ4AXTY9J1DZ,User
A1MVN7BGX0CYKD,User
A2DEE7F9XKP3ZR,User
A2KJX73VG7RRCN,User
AMASYZFTFBNN,User
A22FICU3LCG2J1,User
A32AF6CGHRT5I8,User
A2N1RUR0A4PLGL,User
AYUWG8PVGRJ6R,User
ACJR7EQF9S6FP,User
AM8J1UVGVYAL4,User
A2XRIHZ31GHAAV,User
A3HJHV83O2U8BL,User
A3DLTQQJFTPURF,User
A2XSY4L7GDHV4W,User
A2XT36PN4AJ5SC,User
A1TIVD0Y3KJSCN,User
A2E7V2OVK745M2,User
A353U0L2HAMSHV,User
A32DP2CNX5TWYK,User
A2QOI90Y1HNTP9,User
A1VYFEJM12ZP11,User
A3KU1RTI2SQM4V,User
A1Q3VZH3TP8DFN,User
AER15RIMV8E6D,User
A3ILKXATA65Z17,User
A3A58DJTXQSI3K,User
A1PYK03XUR6WER,User
A4QXRLFVZN03N,User
AQHGABWEEHR05,User
AQQLWCMRNDFGI,User
A3REK3OFONWB1Q,User
A35V32HZEGZH04,User
A68MVDTTSYA6V,User
A2HH41V07PH0LF,User
AJF5B70OO7S43,User
A370Z6I5GBWU44,User
A1SWVKJIQWW33K,User
A8KGHZMPMRNMY,User
A3DPP97CNG990R,User
A1POXXTXRSNEYU,User
AKJHHD5VEH7VG,User
A1AY1VRUE90BCZ,User
A30VBNKEJGIGFW,User
A37REIKYSHU4ZF,User
AXUVMVEU7WXWO,User
A3PECZX773ME74,User
A2TCI780LLLGT2,User
A1L1ESI4YYYX0A,User
ACT32VYIKCOLX,User
A36TDCR3BJZNS6,User
A3SSIVUOQWPC3Z,User
A3Q3OI62PD1NTO,User
A3MGVBGYQAZ7PA,User
A10K7E9F0THV3,User
AI6BIBH6R1JBR,User
A2KJO9EPX17ZXE,User
A1AEPMPA12GUJ7,User
A2EZW83S9IZFIH,User
ACB2WB5QM5R74,User
A30GEP1I3ZJABG,User
A29UGCLU3K6KHF,User
A2M4BJK1LPB2OW,User
A91JPGSIDEIU,User
AX1Z5RQ1LWMM2,User
A1F7SX3GNVBNE3,User
A2EPLEYMTHVVKV,User
A1IZ6HFRXMIYOE,User
A1DIS7PF5AA5V2,User
A2MF0C4E7GYCI,User
AAJOCENC0Y33F,User
A2CZCAFE1GBA5L,User
A2BLJGGWN8GTXQ,User
A2QEFDEISSG7LI,User
A3J0V5L5APJ61R,User
A2N7NPQ0HUFFNZ,User
APQ6349MQQQAN,User
A1UMSBY8790OFX,User
A1B05INWIDZ74O,User
AY50S2HZHQO2Q,User
A3J8AQWNNI3WSN,User
A2XUYFBCXRO21E,User
A10I6CVBTPABO8,User
A1SD1C8XK3Z3V1,User
A2SXUINNJD8R25,User
A371B3Z09W4GT5,User
A1Q7A78VSQ5GQ4,User
A1CXAB1MM2RJ3J,User
A1FJOY14X3MUHE,User
AIODQVA7W10YL,User
A2IBCXXX4V3KU0,User
A37WVR9M1STQDU,User
A2CIQ6MMMTN11L,User
AR32T3627EWQ0,User
A12MGOJOF9FY8P,User
A32JKNQ6BABMQ2,User
A2GJVKNVVCAIB7,User
A7IKOAH6M8WAC,User
A2UTZ7HH4UKDZW,User
A1IIIP2FY2TS3S,User
A29JUMRL1US6YP,User
AS8PQVPHIZ53W,User
A11Q5CEJES1CCM,User
A2OCDK0BOW6UCY,User
A3CEN1KNU51AD0,User
A2QDTQVEVVJA5,User
AI8Y38M1Z3OCY,User
A3HHRQBSECP697,User
A1NVW4NUXPOSJB,User
ACTRNPJW3RPUI,User
A9QR7MTWCDZ5J,User
A86R2KZIFHKLB,User
A34NBH479RB0E,User
A1TKM36EYEQNSM,User
A3MLESXA2VGWJC,User
A3230J3F9MLIQY,User
A2SBVXOOCT18KF,User
A31RM5QU797HPJ,User
A2YKWYC3WQJX5J,User
A2Q5Y2EMS6KDWI,User
AVOFW4IP3ZVC9,User
A1R87YSXT4SDS4,User
A2RKL3Y3YV0D50,User
ARAKTT5M3DDYA,User
A4CQA05N16UUW,User
A2PHHYUZMCR40S,User
AMDH9WZHBLCDB,User
AUH792DXLWGXW,User
AN11CQ48VEHSB,User
A13PD81EKUMR7A,User
A13FN66WV8R9A1,User
ABMUKNMMLXM66,User
A1GV4HEM6XZC06,User
A2KMFRF5XD7LEO,User
A2QDOJFFLFGF18,User
A37V4MEAMIWDOO,User
A2B3Z2QHW3V35S,User
AK0CENM3LUM28,User
A1K5FEDJ9WI5KV,User
A1VDPAUBS71M1B,User
A3VZH0PWLQ9BB1,User
A2A8KWCE8RKB9T,User
A3JDAZ5YVHY15U,User
A2BGNFA8TKOCK6,User
A37CENQP0ZNKVE,User
A23BJLGHVFTA7T,User
A2QXPFTACXWV1I,User
A2IZIYYCEGOMEU,User
A39CX0EE4BZCZC,User
A1BCSEDVL0Q0GN,User
A33K3PCPDX2SL,User
A2RZCYP0F964WQ,User
A33YCUFVPEZ6QV,User
A20QS4FVZ9X392,User
A2K5AFTU4YOPPW,User
AWLK6NSSV0YNA,User
A272NYWBBGVAEO,User
A2C18CH1YC6BYT,User
ACYR6O588USK,User
ATLO3YXU2BC16,User
A2UUO1GEFLV9H8,User
A29EKGSBQ57TLW,User
A22SDYPN7DWQ97,User
A3IUW081KXD3PE,User
A23C2OZ0H4UU,User
A2DPYMNI2HCIOI,User
A1CZICCYP2M5PX,User
A1GG1SWT2QTOFD,User
AZ4IFJ01WKBTB,User
ALPQOXCRF3SSH,User
A29MRSU25Y5T8X,User
AYA27SRXFOXP7,User
A2JCG7KT8HRSUJ,User
A4RUN01NO4827,User
AHFT1TU6FEFQ8,User
AFXMWPNS1BLU4,User
A3P5V207OED3JS,User
ACBK6OXAMOHTE,User
A3HRDRQ5VAFPQS,User
A3JKTV021GFI6E,User
AYS3F0L3VFP6G,User
A16O0S1QROXGJM,User
A1WLPEM7Z6LM35,User
A24ZV048V7J0MT,User
AJD6XYO7ZQM61,User
A27HB4L3I1WJUR,User
A2DCI6IKY95SK,User
A38AN6ZRMHV6EU,User
A16AXQ11SZA8SQ,User
A2J3CWYRKKY59X,User
ADS5APY1NKTL4,User
A31RULW0KNYJ5H,User
A16QUDK9MXGT58,User
AQ5DOLCW77FEE,User
A3OJX18B60PJR9,User
A11OTLEDSW8ZXD,User
A3W35OAAB4XNX9,User
A2H1WNB30JNAWU,User
A1TW9ZGRDQQZ2Y,User
A1JFK03S4RFHPI,User
A3PJEISJV1P1WY,User
AOLDDV8Y96TSB,User
A1YU3SAW0XHQIY,User
A1HWMNSQF14MP8,User
A2UDBMXH1TUTB4,User
A3Q4TYJVAM4IRM,User
AI47WBE7PHESF,User
A3HPCRD9RX351S,User
A3OT6IQ0YHGDCB,User
A1SV2A25A0WMSZ,User
A3J7Q94UJ4LQKR,User
A1KOYOE8O2F1J4,User
A32TR272T1PFE1,User
A1LPTSTVZJ21PD,User
A1KDOGXL0LP8E5,User
A1XG5WYLFMRRX1,User
A1IL6W1NK05UW9,User
A3DYWO71NZSMXW,User
A2SBZQR76C5TXB,User
AU1N8A8XWHHTP,User
A3C3BAQDZWH5YE,User
ASJ54MITON1NO,User
A1GD2URTB9KU4X,User
B0009YJ4CW,Prod
B001EQ5A5E,Prod
B000K5URAI,Prod
B00020XNU2,Prod
B0000CDAY2,Prod
B0000CDBQT,Prod
B003KLSZGW,Prod
B000PSTGKW,Prod
B000MQ8Y64,Prod
B001P2PRUA,Prod
B005XZSR8E,Prod
B00005344V,Prod
B0005ZVON2,Prod
B000W5U5RG,Prod
B00008DF91,Prod
B0000DG8AR,Prod
B0014WYXYW,Prod
B000OIT8T2,Prod
B001FSJCPK,Prod
B00451XOHG,Prod
B0002HAB6Y,Prod
B0000DGFA9,Prod
B0044LXXZ0,Prod
B000LLKCV0,Prod
B000LQORIY,Prod
B0002Z22GS,Prod
B00161FSZY,Prod
B0000DJ7YR,Prod
B005TRIV1Y,Prod
B000LQJT5A,Prod
B000CBFTC6,Prod
B0007NC15W,Prod
B000255OIG,Prod
B000084E6V,Prod
B000LKVJCC,Prod
B00120VWSG,Prod
B0000D9N7U,Prod
B001EO5UTM,Prod
B001G8RCU6,Prod
B001HTG8IQ,Prod
B000093HOV,Prod
B00153SS6E,Prod
B000F4F96G,Prod
B001ELLAIK,Prod
B0000537KC,Prod
B000W7TCS2,Prod
B003NGCDFI,Prod
B0000535LF,Prod
B0000D17HA,Prod
B0001KL1XE,Prod
B000HE6PPS,Prod
B00380E6Q8,Prod
B0000E5IHU,Prod
B00005U2FA,Prod
B000E65OJM,Prod
B0040WE8NE,Prod
B001C5UDD6,Prod
B000BY50AK,Prod
B005CGUUJS,Prod
B002QGK2V8,Prod
B005K4Q68Q,Prod
B000J2JKIC,Prod
B0010XX4PE,Prod
B005IQ32Z6,Prod
B00524S2JU,Prod
B0028A9C72,Prod
B003MP12MU,Prod
B0006ZN4Z2,Prod
B000Z3MBRM,Prod
B003X35RR2,Prod
B001VNEA9M,Prod
B000FPJ78Q,Prod
B000E4ARCS,Prod
B000CONMBS,Prod
B000X91F0M,Prod
B000H0ZJNG,Prod
B0009X0TVS,Prod
B000GQ80TQ,Prod
B000BXZ6FK,Prod
B0037B8YQG,Prod
B007RTR8UW,Prod
B001CZY6G6,Prod
B005CD2T4U,Prod
B000R9RYSK,Prod
B0043S087A,Prod
B0012TAEJK,Prod
B0014X5O1C,Prod
B0000DG58S,Prod
B0000DGG4Y,Prod
B005OVPKCI,Prod
B0000DISV2,Prod
B003NUYEHE,Prod
B0000CDBR9,Prod
B001BYEHBW,Prod
B000HFMPLK,Prod
B000E4ARD2,Prod
B004E4CCSQ,Prod
B001KW900I,Prod
B0002NYK88,Prod
B001E5E0DI,Prod
B0000DCXFY,Prod
B000W5SLEU,Prod
B003OB4C60,Prod
B0009XQWDM,Prod
B000S4I0ZK,Prod
B0016NRLHU,Prod
B003HTU06A,Prod
B001OXTTFO,Prod
B000GG5IZA,Prod
B0000ZRGPC,Prod
B001T4UMM2,Prod
B004TCJFTM,Prod
B0029JRVVG,Prod
B0000DGFCO,Prod
B001E5E3AI,Prod
B00286KM2A,Prod
B007Y59HVM,Prod
B000KV61FC,Prod
B00027UVL4,Prod
B000M0ETJ6,Prod
B0000DAIPM,Prod
B0000DG72U,Prod
B000084F04,Prod
B002MS9FY0,Prod
B005OS48FQ,Prod
B001E95KLK,Prod
B0000DG72M,Prod
B0061PPLYI,Prod
B004IKY8FG,Prod
B000ALI6CI,Prod
B0000CH39R,Prod
B000CR1VXQ,Prod
B00008MOJ2,Prod
B006W05Z3O,Prod
B000PKJ44I,Prod
B000084F1O,Prod
B0000CNU2Q,Prod
B006Y0QIOM,Prod
B0000CGDUK,Prod
B0007SNZMK,Prod
B001EO6FOG,Prod
B005IFYQIE,Prod
B00005C2JE,Prod
B0000BXJO8,Prod
B00473OM0K,Prod
B001EQ5LLC,Prod
B0041LHND6,Prod
B000HBV9PW,Prod
B0000VMAS4,Prod
B0011CX2M4,Prod
B000E63LLU,Prod
B0000DIEJ0,Prod
B0000DJ7SR,Prod
B000OWI13W,Prod
B000084EHL,Prod
B001EQ4I84,Prod
B00005IX97,Prod
B001EQ5IS8,Prod
B000N55YQW,Prod
B0002DGRQ6,Prod
B000VKW7LO,Prod
B006YDO7G0,Prod
B002G06NEO,Prod
B000Y8X0LE,Prod
B0010CBEY8,Prod
B0000DG71N,Prod
B000S11CD0,Prod
B0000CH4F7,Prod
B0005YMACM,Prod
B0005ZYR36,Prod
B001B4X7L8,Prod
B004E4EBMG,Prod
B001EQ5LT4,Prod
B001VNGJUU,Prod
B003FOZ1J8,Prod
B0000CDBRN,Prod
B0000DGFCL,Prod
B0001XIZN0,Prod
B000PDFRXC,Prod
B005BRHVD6,Prod
B000W5SLB8,Prod
B001QMHDRE,Prod
B000CFHFLU,Prod
B000A0WHD8,Prod
B000LQORDE,Prod
B000NFC0MI,Prod
B000V6DW5I,Prod
B000CQ01GU,Prod
B001E6EJQU,Prod
B003AYJ8HY,Prod
B0058AMYTC,Prod
B0000DGG22,Prod
B001FA1KU8,Prod
B001P05K6I,Prod
B000Z4JISQ,Prod
B00004CI84,Prod
B000FMXR5S,Prod
B0054TWQ2C,Prod
B000ZQAGXK,Prod
B001UJIFRU,Prod
B005K4Q1VI,Prod
B0000FJS08,Prod
B0006MU87W,Prod
B000KNB4WA,Prod
B0000CFXYA,Prod
B0000DGG8B,Prod
B002FYU2R0,Prod
B001EQ4PS2,Prod
B003BN8LAY,Prod
B0000CD9TH,Prod
B0000DG6ZO,Prod
B005CGUTIA,Prod
B001EQ5NLU,Prod
B000LRKR1O,Prod
B0000DIYKE,Prod
B001EQ5H6Q,Prod
B000LKXBL4,Prod
B001EQ52S4,Prod
B0000DIYIC,Prod
B000LKZ9UA,Prod
B002BHSKAC,Prod
B004OOV6UG,Prod
B000LKTET2,Prod
B000Z3IQ3U,Prod
B000N5Z5YI,Prod
B000F8L4HK,Prod
B000F4F934,Prod
B000LQN69K,Prod
B000FOIYS6,Prod
B000NMJ6AK,Prod
B004FEN3GK,Prod
B0088YBUOU,Prod
B0029JRYEU,Prod
B0093NJPMY,Prod
B0000E227M,Prod
B003L8RKWY,Prod
B001D9RVMM,Prod
B0000DG72T,Prod
B0000DIVVC,Prod
B003O7DVRA,Prod
B000FPJ78G,Prod
B0002DGRZC,Prod
B0000CEU6T,Prod
B0000DJ83F,Prod
B005PIZZRU,Prod
B0000CD9PL,Prod
B00099XODM,Prod
B001EO5XSA,Prod
B0011CXONQ,Prod
B000KNHFKU,Prod
B000FDMLVI,Prod
B003A23HZK,Prod
B000FBQ594,Prod
B0058AMY74,Prod
B005O072PC,Prod
B0000CDBRK,Prod
B00005IX96,Prod
B0000DID5T,Prod
B004728MI4,Prod
B0012QL1JU,Prod
B000JG9PVA,Prod
B0031TJ0X0,Prod
B00004RAMY,Prod
B001E52VJS,Prod
B0000D9N63,Prod
B000FDMLV8,Prod
B002ANA68G,Prod
B001EO5M54,Prod
B005JT3UEU,Prod
B000LKTE2E,Prod
B0000DGFCP,Prod
B0017NMNIG,Prod
B0000CDBPW,Prod
B000WFS9G0,Prod
B005WBETRC,Prod
B000JMBE3Q,Prod
B000F3SE82,Prod
B006W5WAL4,Prod
B000H121DQ,Prod
B0046H1QTM,Prod
B0016CSRXS,Prod
B0001CVDZI,Prod
B0026L2MDY,Prod
B000G6RYNE,Prod
B0005XO2ME,Prod
B00061KZ1M,Prod
B002CC1WGA,Prod
B0000CDBQS,Prod
B006WYSFZK,Prod
B00060MYVW,Prod
B0000D9N35,Prod
B000ALFM3O,Prod
B0000DJDHN,Prod
B0002ARQYQ,Prod
B002Y2QT2K,Prod
B0000CDBRM,Prod
B0000CGE3G,Prod
B003R0LKSG,Prod
B00060XKM4,Prod
B001IZM91Y,Prod
B0011CVMRG,Prod
B00023ILXI,Prod
B002UL1MUY,Prod
B0000CDBRY,Prod
B005K4Q4KG,Prod
B001B1KH1Y,Prod
B001HN5Z4K,Prod
B000G176CI,Prod
B000Z3ODRI,Prod
B0000D17HK,Prod
B0058ORTXY,Prod
B0046H312W,Prod
B001WAL1PA,Prod
B0000CEU6P,Prod
B0000DBN1F,Prod
B000084F6F,Prod
B0000DBN2F,Prod
B000NO93PQ,Prod
B001SAV3C0,Prod
B000HVVMQI,Prod
B0095CN6SC,Prod
B001B4VOQI,Prod
B0000DG72R,Prod
B001D4D0TU,Prod
B001FA1KFS,Prod
B0011EO7WQ,Prod
B000JJHDVG,Prod
B00363F4EK,Prod
B00004RYGX,Prod
B003OB4BOS,Prod
B00472I5A4,Prod
B00503DOWS,Prod
B00110HIJY,Prod
B000SQLQ0Y,Prod
B001XWNIUI,Prod
B0000DGF5S,Prod
B0011MTYF8,Prod
B0016BU8PE,Prod
B0062MZU3W,Prod
B000H27I5Q,Prod
B0044M10OK,Prod
B0007PNKRI,Prod
B004XQV4S4,Prod
B0017ZDZOU,Prod
B002YFZ7IY,Prod
B00750YHH0,Prod
B0000DJ7RX,Prod
B0002YW26E,Prod
B0002DGRRA,Prod
B008MMFDLE,Prod
B004LS4PRG,Prod
B0070XVW3E,Prod
B001IZM92I,Prod
B0029K1ARG,Prod
B0037QTLFY,Prod
B001LGGH40,Prod
B0000CD9PM,Prod
B0073TOZTI,Prod
B00016LZS4,Prod
B00127T7TK,Prod
B0033HPPIO,Prod
B0000DIX2R,Prod
B0000D9N8O,Prod
B000EVT05G,Prod
B0037QRIYU,Prod
B0000DID60,Prod
B000GQ816I,Prod
B005P0NA7U,Prod
B000R2DUTY,Prod
B000EYRHL2,Prod
B0000DCXFW,Prod
B000H28AGM,Prod
B0035AYYL8,Prod
B00009ZJ48,Prod
B0012NUVN0,Prod
B0000CEQUJ,Prod
B0093NJM7C,Prod
B0000BXJIS,Prod
B001ACDOA0,Prod
B0000CDBRQ,Prod
B001J8H1E0,Prod
B000Z3IPZY,Prod
B0000DG55B,Prod
B004JLU8D0,Prod
B0000DG86W,Prod
B003JA5KBW,Prod
B004CP5UVS,Prod
B000VY16AS,Prod
B007RTSPEU,Prod
B001BOX9AM,Prod
B001QE96CW,Prod
B002C6KJOC,Prod
B0042GWKWO,Prod
B000FA39AS,Prod
B00008433V,Prod
B005HUVT6M,Prod
B00141WDXG,Prod
B000Z3ODTG,Prod
B0036QD9VC,Prod
B0018CJWPI,Prod
B002YLI9E2,Prod
B001VNGH4I,Prod
B000OC2B9M,Prod
B000H23ZE4,Prod
B00269K1FC,Prod
B0000VZPIQ,Prod
B004YV80OE,Prod
B0000KC2CO,Prod
B000XHTD1W,Prod
B002S2XR3U,Prod
B001E5DZWU,Prod
B001FA1SDC,Prod
B000JSQKS4,Prod
B00023323W,Prod
B0000V8IOE,Prod
B000EVT08S,Prod
B0012KIBP8,Prod
B005K4Q1T0,Prod
B000JUK4OS,Prod
B000KFZ3LQ,Prod
B005ZBZLPI,Prod
B0000DISV7,Prod
B000VIMPJ0,Prod
B002XKHET0,Prod
B002PA1AVG,Prod
B003LJZU2K,Prod
B0018CFQJO,Prod
B00141OX52,Prod
B001ONVOFC,Prod
B0000CERXU,Prod
B002ZOCEMG,Prod
B002XQL1DO,Prod
B002ZOCEX0,Prod
B0000D9N38,Prod
B000G6TNS8,Prod
B002ATCFX4,Prod
B000LRG16E,Prod
B004OW342G,Prod
B000QV2GRS,Prod
B0000GG256,Prod
B0000C69FI,Prod
B002UZW4LG,Prod
B0014KZM7G,Prod
B000ITRABA,Prod
B000LO40AG,Prod
B0000W4PDQ,Prod
B0000DCX9P,Prod
B004TPKAN4,Prod
B000JOE224,Prod
B0005ZHPFI,Prod
B007TJGZ0Y,Prod
B0000CNU2J,Prod
B0000CG4I0,Prod
B0018CE5L4,Prod
B00004RBDU,Prod
B000PDN3E2,Prod
B0002NYK7O,Prod
B001SAVUM8,Prod
B0000DJ7YW,Prod
B0000E6I02,Prod
B000LKVD5U,Prod
B0007Q2GRC,Prod
B000EISKJ6,Prod
B009AFJ3I6,Prod
B008EG58V8,Prod
B001710K88,Prod
B0000DG56P,Prod
B0005ZYSI0,Prod
B007Y8LWEY,Prod
B00120XR0M,Prod
B0090X8IPM,Prod
B002FZLJWG,Prod
B000G6MBUA,Prod
B000WEPI1K,Prod
B000NV9VQU,Prod
B0000DJ8BW,Prod
B001B4TTWO,Prod
B000NBQUNW,Prod
B00008DFNV,Prod
B0035AR8CA,Prod
B000WFLXWW,Prod
B0000DIRZS,Prod
B0000DG71V,Prod
B0007A0APS,Prod
B0033P2RN2,Prod
B001KUVTM2,Prod
B002TMV3E4,Prod
B002CN7F06,Prod
B0000DIX2N,Prod
B005UWTOJG,Prod
B001EQ55MM,Prod
B000CSKKE6,Prod
B0004MTZQE,Prod
B0029JYSOY,Prod
B00008JOL0,Prod
B001EQ55ZO,Prod
B001UKBDGY,Prod
B000ALI6OQ,Prod
B0009JJB6G,Prod
B0000D94PA,Prod
B000R93CJK,Prod
B0000DBN1L,Prod
B000ILEIUE,Prod
B001QEEXCK,Prod
B002HNC8VW,Prod
B000WFLUK2,Prod
B0000DG55L,Prod
B0000GHNUE,Prod
B000Z3IQ0S,Prod
B000CCIF58,Prod
B00032GJMS,Prod
B003C5TCYU,Prod
B0006SKCVI,Prod
B004PY36VC,Prod
B007JQKG2K,Prod
B003L8VGFQ,Prod
B0000CGE1S,Prod
7310172101,Prod
B000LKXG64,Prod
B002IEVJRY,Prod
B0060KOF78,Prod
B0000CERIH,Prod
B002I9UKWE,Prod
B0000CEU7D,Prod
B00017LF24,Prod
B001D0GV90,Prod
B000GFYRJE,Prod
B001IA3S1Y,Prod
B0010OO6Z0,Prod
B0031E3GYO,Prod
B0000DISUX,Prod
B00120VWSQ,Prod
B00141UC9I,Prod
B00020XNTS,Prod
B0009XWX26,Prod
B0000D9N7T,Prod
B0047YYSPS,Prod
B0000DIYUA,Prod
B0000CERDY,Prod
B00014VTNW,Prod
B00120U5DY,Prod
B002YJ6K2M,Prod
B000FYXBPW,Prod
B003QWIGGO,Prod
B0000DG71O,Prod
B0000CD9V4,Prod
B0000CDBQL,Prod
B000V4WZ0S,Prod
B00141OU50,Prod
B00064VQO4,Prod
B0058AMY5G,Prod
B0049T6QOW,Prod
B0000DIVVO,Prod
B000AQFQC6,Prod
B0002DGRSY,Prod
B002HKBQK4,Prod
B0001GCAR4,Prod
B004LOABSC,Prod
B00005C2M2,Prod
B0002UEEAA,Prod
B000DINB5U,Prod
B005VDDQB6,Prod
B001EO69NS,Prod
B0047417O8,Prod
B000EMM97Q,Prod
B001G0MG0A,Prod
B0000DID5R,Prod
B0001AO8DY,Prod
B008AV5HLS,Prod
B003UEJ8CO,Prod
B0000DBN1I,Prod
B0000D954D,Prod
B0000D958O,Prod
B002HQLY7S,Prod
B001SAQFPK,Prod
B0058ORXRQ,Prod
B0018OL2ZE,Prod
B0000DISV5,Prod
B001BIXJG2,Prod
B006MONQMC,Prod
B0000D9MZM,Prod
B0005XO85A,Prod
B000JLESPI,Prod
B003R0LKRC,Prod
B005CGUTGC,Prod
B00004CXX9,Prod
B00005IX98,Prod
B001QE7J2G,Prod
B003J9QJCW,Prod
B003J1RRV2,Prod
B0000DBN2G,Prod
B0000DG4MO,Prod
B003T0E1ZS,Prod
B0007OPW5C,Prod
B004MA3J8Y,Prod
B0037V0N74,Prod
B0000DG55M,Prod
B003P9XFXW,Prod
B001E53020,Prod
B004Z83LC2,Prod
B0058AMY10,Prod
B004XRIXNC,Prod
B00294TUQA,Prod
B0037NUGXI,Prod
B0000CDBRP,Prod
B0000DJ7TL,Prod
B0000DG72N,Prod
B0000D15YQ,Prod
B00415HNOG,Prod
B000QFRJSA,Prod
B000EVOSH6,Prod
B000EXS68Q,Prod
B000EA2DA6,Prod
B004WESH7S,Prod
B000KEK6X2,Prod
B0094Z2DL6,Prod
B000084ETV,Prod
B0001FQV5C,Prod
B003DVMYUW,Prod
B009IQLAQK,Prod
B001E96JZ6,Prod
B00112ILZM,Prod
B004NBCQUO,Prod
B000VXU43E,Prod
B0000CDBRA,Prod
B000LRG04C,Prod
B004MA04LY,Prod
B003N0QUSK,Prod
B000EMOD5M,Prod
B0018CG13Y,Prod
B00178W9VW,Prod
B002XWZH1U,Prod
B001LGGH54,Prod
B0018CEA50,Prod
B00344R71Y,Prod
B0000D17RB,Prod
B000T6AHW6,Prod
B001LESTKW,Prod
B0009X2A60,Prod
B000F9ZM7M,Prod
B004U49QU2,Prod
B001E5E0FG,Prod
B0011BPL1U,Prod
B002LEKLJ8,Prod
B0000DJ6NG,Prod
B0076MLL12,Prod
B00061KZ2G,Prod
B0000GG25G,Prod
B0028PDGZQ,Prod
B000VVY0WW,Prod
B0002QX3Q0,Prod
B0012XBD7I,Prod
B001EOMQ94,Prod
B0000GHNSQ,Prod
B002ZOG2K6,Prod
B000H241DS,Prod
B0009XQSAY,Prod
B003VXE46Y,Prod
B00063DZT4,Prod
B000X1SBBQ,Prod
B002RTK5L6,Prod
B0000DID5Q,Prod
B0000DGF9V,Prod
B000RY5EVO,Prod
B0000C69FB,Prod
B0000CFH7B,Prod
B003GTR8IO,Prod
B003ZXJEJC,Prod
B000VEI1HO,Prod
B000FF3UYI,Prod
B001SAXPEO,Prod
B004E5F9OE,Prod
B004EDFLWQ,Prod
B002146732,Prod
B000SQMJE6,Prod
B000084F3O,Prod
B000JKJJHG,Prod
B000TZ8WEC,Prod
B004LXQHZO,Prod
B002U7EAI4,Prod
B000CC9V42,Prod
B001PQTYN2,Prod
B002VC550K,Prod
B003UI9R8K,Prod
B0000DJ7SX,Prod
B0000DG72O,Prod
B000GJ5JO2,Prod
B0053WMOKY,Prod
B0070SGNS8,Prod
B0000DJ7SD,Prod
B003N0ZEKU,Prod
B003F1MUN6,Prod
B001E5DWW8,Prod
B0002ASMT4,Prod
B007JFMIWW,Prod
B0000DJ7YT,Prod
B001D9JC0G,Prod
B001EQ56O4,Prod
B00016LA8Y,Prod
B0000E5JP6,Prod
B001SAY0DO,Prod
B0000CAV3B,Prod
B0016BS3BK,Prod
B0009S1NXG,Prod
B0006004C8,Prod
B000VXU43Y,Prod
B000W738SW,Prod
B00016LZT8,Prod
B0026A1CHC,Prod
B002D8E166,Prod
B0000DID5X,Prod
B0044CPA28,Prod
B0000CERCD,Prod
B001SAZCVI,Prod
B001E5DZZM,Prod
B0000D9MSP,Prod
B000E18CS2,Prod
B0002268R0,Prod
B001E50TJC,Prod
B004DKQNMC,Prod
B003O7VULY,Prod
B002Y8QELK,Prod
B00117Q456,Prod
B000YT9CQU,Prod
B002U58QFE,Prod
B0051COPH6,Prod
B0000DG5AA,Prod
B0012V1G0Y,Prod
B0012KB4U2,Prod
B000KV7ZGQ,Prod
B0000DG5AO,Prod
B007XXLWHW,Prod
B0029YKQ3Q,Prod
B002B9HC6I,Prod
B006Y0OAG0,Prod
B000IK8V2G,Prod
B001E5DZTS,Prod
B0000DG56C,Prod
B001CRSR0U,Prod
B004I8EUBA,Prod
B0009Z66HW,Prod
B007Y8MJPA,Prod
B001E6K6B2,Prod
B00473UO7A,Prod
B001EPPJX8,Prod
B0080LMFY0,Prod
B001CHJ01A,Prod
B0002NYK7Y,Prod
B001SAZ0WO,Prod
B001D9ZV5G,Prod
B0000DG5AE,Prod
B000N648JU,Prod
B0012EWIJY,Prod
B008EG5ADY,Prod
B000LQLV3S,Prod
B0042GUIGO,Prod
B001H8HP48,Prod
B0000DG59Q,Prod
B0000CDBRZ,Prod
B0000D9N17,Prod
B008JHROIM,Prod
B001E5E2TK,Prod
B003D5MQOW,Prod
B001EQ5NJM,Prod
B001AJ1ULS,Prod
B0000E21YT,Prod
B004X3VRLG,Prod
B0000DG5A8,Prod
B001CSCWXM,Prod
B000Z3MBMC,Prod
B00423UVJQ,Prod
B000KSRTM4,Prod
B00465T17I,Prod
B004BRZ6Y8,Prod
B000NBWO1E,Prod
B004UC0GIU,Prod
B007N3KR7S,Prod
B0060JMVM0,Prod
B001AJ7LW0,Prod
B000SDKDM4,Prod
B004PEGIJY,Prod
B001KYK3OS,Prod
B0000CEQY4,Prod
B0094Z2EOW,Prod
B0005ZUG86,Prod
B0002DGRPC,Prod
B004BKLHOS,Prod
B0000CEU7J,Prod
B000LKTTTW,Prod
B0025UC2DQ,Prod
B0047726E0,Prod
B000NP10GU,Prod
B004VITJY0,Prod
B001ZWHGFO,Prod
B005OVPK9G,Prod
B000634A6Q,Prod
B005ZBZLT4,Prod
B001DY6TWU,Prod
B0000D1675,Prod
B000KEPBBY,Prod
B000JMDGZ0,Prod
B003TJ0Y1O,Prod
B000PKL568,Prod
B000IKCOLA,Prod
B000ED9LSU,Prod
B00066N9EM,Prod
B000BVY02M,Prod
B000634IC2,Prod
B004ZIER34,Prod
B0000DGG1U,Prod
B001E5E29A,Prod
B004LO5ECA,Prod
B000633OUE,Prod
B000ILIHA6,Prod
B000W5AQ98,Prod
B00014JNI0,Prod
B00064VQNU,Prod
B000Z3P9FS,Prod
B0000CH39S,Prod
B001EQ59CS,Prod
B000G6O2QG,Prod
B000R2DUXK,Prod
B000EDDS6Q,Prod
B00025DKYG,Prod
B0000GGHN8,Prod
7310172001,Prod
B000WFNC9O,Prod
B0000CD9TF,Prod
B0020VT5QM,Prod
B000W5SLHW,Prod
B002OL2MWM,Prod
B0000TU8NK,Prod
B0000D9MY3,Prod
B0001EJ4CU,Prod
B001M1L3RA,Prod
B001EO67IK,Prod
B007OXJK3Y,Prod
B004M1PQKC,Prod
B000TZ1S2A,Prod
B000M66G7S,Prod
B000P00HXA,Prod
B004ILZBTC,Prod
B000BZ1OUO,Prod
B001M09C8I,Prod
B0000E224H,Prod
B004M19VKI,Prod
B00472OAJ4,Prod
B0000GHNTK,Prod
B000WFMCFE,Prod
B00609PJLU,Prod
B000JOTWPG,Prod
B0000CDBPX,Prod
B001GH19PG,Prod
B0000DG586,Prod
B005F5KAYQ,Prod
B00020XNUC,Prod
B0046H53AK,Prod
B000W5QT3A,Prod
B0000DIVVK,Prod
B003R0LM48,Prod
B0000DIX2M,Prod
B0000CDBRJ,Prod
B005JOLLVE,Prod
B0025UNVXQ,Prod
B000W7V7X0,Prod
B0002AHT84,Prod
B0000DIYII,Prod
B001EO7HE8,Prod
B008EL7KCI,Prod
B0000DG4N7,Prod
B001GJJQMC,Prod
B00474N5N4,Prod
B0004N0H24,Prod
