ProductId,Class
B0009YJ4CW,Prod
B001EQ5A5E,Prod
B000K5URAI,Prod
B00020XNU2,Prod
B0000CDAY2,Prod
B0000CDBQT,Prod
B003KLSZGW,Prod
B000PSTGKW,Prod
B000MQ8Y64,Prod
B001P2PRUA,Prod
B005XZSR8E,Prod
B00005344V,Prod
B0005ZVON2,Prod
B000W5U5RG,Prod
B00008DF91,Prod
B0000DG8AR,Prod
B0014WYXYW,Prod
B000OIT8T2,Prod
B001FSJCPK,Prod
B00451XOHG,Prod
B0002HAB6Y,Prod
B0000DGFA9,Prod
B0044LXXZ0,Prod
B000LLKCV0,Prod
B000LQORIY,Prod
B0002Z22GS,Prod
B00161FSZY,Prod
B0000DJ7YR,Prod
B005TRIV1Y,Prod
B000LQJT5A,Prod
B000CBFTC6,Prod
B0007NC15W,Prod
B000255OIG,Prod
B000084E6V,Prod
B000LKVJCC,Prod
B00120VWSG,Prod
B0000D9N7U,Prod
B001EO5UTM,Prod
B001G8RCU6,Prod
B001HTG8IQ,Prod
B000093HOV,Prod
B00153SS6E,Prod
B000F4F96G,Prod
B001ELLAIK,Prod
B0000537KC,Prod
B000W7TCS2,Prod
B003NGCDFI,Prod
B0000535LF,Prod
B0000D17HA,Prod
B0001KL1XE,Prod
B000HE6PPS,Prod
B00380E6Q8,Prod
B0000E5IHU,Prod
B00005U2FA,Prod
B000E65OJM,Prod
B0040WE8NE,Prod
B001C5UDD6,Prod
B000BY50AK,Prod
B005CGUUJS,Prod
B002QGK2V8,Prod
B005K4Q68Q,Prod
B000J2JKIC,Prod
B0010XX4PE,Prod
B005IQ32Z6,Prod
B00524S2JU,Prod
B0028A9C72,Prod
B003MP12MU,Prod
B0006ZN4Z2,Prod
B000Z3MBRM,Prod
B003X35RR2,Prod
B001VNEA9M,Prod
B000FPJ78Q,Prod
B000E4ARCS,Prod
B000CONMBS,Prod
B000X91F0M,Prod
B000H0ZJNG,Prod
B0009X0TVS,Prod
B000GQ80TQ,Prod
B000BXZ6FK,Prod
B0037B8YQG,Prod
B007RTR8UW,Prod
B001CZY6G6,Prod
B005CD2T4U,Prod
B000R9RYSK,Prod
B0043S087A,Prod
B0012TAEJK,Prod
B0014X5O1C,Prod
B0000DG58S,Prod
B0000DGG4Y,Prod
B005OVPKCI,Prod
B0000DISV2,Prod
B003NUYEHE,Prod
B0000CDBR9,Prod
B001BYEHBW,Prod
B000HFMPLK,Prod
B000E4ARD2,Prod
B004E4CCSQ,Prod
B001KW900I,Prod
B0002NYK88,Prod
B001E5E0DI,Prod
B0000DCXFY,Prod
B000W5SLEU,Prod
B003OB4C60,Prod
B0009XQWDM,Prod
B000S4I0ZK,Prod
B0016NRLHU,Prod
B003HTU06A,Prod
B001OXTTFO,Prod
B000GG5IZA,Prod
B0000ZRGPC,Prod
B001T4UMM2,Prod
B004TCJFTM,Prod
B0029JRVVG,Prod
B0000DGFCO,Prod
B001E5E3AI,Prod
B00286KM2A,Prod
B007Y59HVM,Prod
B000KV61FC,Prod
B00027UVL4,Prod
B000M0ETJ6,Prod
B0000DAIPM,Prod
B0000DG72U,Prod
B000084F04,Prod
B002MS9FY0,Prod
B005OS48FQ,Prod
B001E95KLK,Prod
B0000DG72M,Prod
B0061PPLYI,Prod
B004IKY8FG,Prod
B000ALI6CI,Prod
B0000CH39R,Prod
B000CR1VXQ,Prod
B00008MOJ2,Prod
B006W05Z3O,Prod
B000PKJ44I,Prod
B000084F1O,Prod
B0000CNU2Q,Prod
B006Y0QIOM,Prod
B0000CGDUK,Prod
B0007SNZMK,Prod
B001EO6FOG,Prod
B005IFYQIE,Prod
B00005C2JE,Prod
B0000BXJO8,Prod
B00473OM0K,Prod
B001EQ5LLC,Prod
B0041LHND6,Prod
B000HBV9PW,Prod
B0000VMAS4,Prod
B0011CX2M4,Prod
B000E63LLU,Prod
B0000DIEJ0,Prod
B0000DJ7SR,Prod
B000OWI13W,Prod
B000084EHL,Prod
B001EQ4I84,Prod
B00005IX97,Prod
B001EQ5IS8,Prod
B000N55YQW,Prod
B0002DGRQ6,Prod
B000VKW7LO,Prod
B006YDO7G0,Prod
B002G06NEO,Prod
B000Y8X0LE,Prod
B0010CBEY8,Prod
B0000DG71N,Prod
B000S11CD0,Prod
B0000CH4F7,Prod
B0005YMACM,Prod
B0005ZYR36,Prod
B001B4X7L8,Prod
B004E4EBMG,Prod
B001EQ5LT4,Prod
B001VNGJUU,Prod
B003FOZ1J8,Prod
B0000CDBRN,Prod
B0000DGFCL,Prod
B0001XIZN0,Prod
B000PDFRXC,Prod
B005BRHVD6,Prod
B000W5SLB8,Prod
B001QMHDRE,Prod
B000CFHFLU,Prod
B000A0WHD8,Prod
B000LQORDE,Prod
B000NFC0MI,Prod
B000V6DW5I,Prod
B000CQ01GU,Prod
B001E6EJQU,Prod
B003AYJ8HY,Prod
B0058AMYTC,Prod
B0000DGG22,Prod
B001FA1KU8,Prod
B001P05K6I,Prod
B000Z4JISQ,Prod
B00004CI84,Prod
B000FMXR5S,Prod
B0054TWQ2C,Prod
B000ZQAGXK,Prod
B001UJIFRU,Prod
B005K4Q1VI,Prod
B0000FJS08,Prod
B0006MU87W,Prod
B000KNB4WA,Prod
B0000CFXYA,Prod
B0000DGG8B,Prod
B002FYU2R0,Prod
B001EQ4PS2,Prod
B003BN8LAY,Prod
B0000CD9TH,Prod
B0000DG6ZO,Prod
B005CGUTIA,Prod
B001EQ5NLU,Prod
B000LRKR1O,Prod
B0000DIYKE,Prod
B001EQ5H6Q,Prod
B000LKXBL4,Prod
B001EQ52S4,Prod
B0000DIYIC,Prod
B000LKZ9UA,Prod
B002BHSKAC,Prod
B004OOV6UG,Prod
B000LKTET2,Prod
B000Z3IQ3U,Prod
B000N5Z5YI,Prod
B000F8L4HK,Prod
B000F4F934,Prod
B000LQN69K,Prod
B000FOIYS6,Prod
B000NMJ6AK,Prod
B004FEN3GK,Prod
B0088YBUOU,Prod
B0029JRYEU,Prod
B0093NJPMY,Prod
B0000E227M,Prod
B003L8RKWY,Prod
B001D9RVMM,Prod
B0000DG72T,Prod
B0000DIVVC,Prod
B003O7DVRA,Prod
B000FPJ78G,Prod
B0002DGRZC,Prod
B0000CEU6T,Prod
B0000DJ83F,Prod
B005PIZZRU,Prod
B0000CD9PL,Prod
B00099XODM,Prod
B001EO5XSA,Prod
B0011CXONQ,Prod
B000KNHFKU,Prod
B000FDMLVI,Prod
B003A23HZK,Prod
B000FBQ594,Prod
B0058AMY74,Prod
B005O072PC,Prod
B0000CDBRK,Prod
B00005IX96,Prod
B0000DID5T,Prod
B004728MI4,Prod
B0012QL1JU,Prod
B000JG9PVA,Prod
B0031TJ0X0,Prod
B00004RAMY,Prod
B001E52VJS,Prod
B0000D9N63,Prod
B000FDMLV8,Prod
B002ANA68G,Prod
B001EO5M54,Prod
B005JT3UEU,Prod
B000LKTE2E,Prod
B0000DGFCP,Prod
B0017NMNIG,Prod
B0000CDBPW,Prod
B000WFS9G0,Prod
B005WBETRC,Prod
B000JMBE3Q,Prod
B000F3SE82,Prod
B006W5WAL4,Prod
B000H121DQ,Prod
B0046H1QTM,Prod
B0016CSRXS,Prod
B0001CVDZI,Prod
B0026L2MDY,Prod
B000G6RYNE,Prod
B0005XO2ME,Prod
B00061KZ1M,Prod
B002CC1WGA,Prod
B0000CDBQS,Prod
B006WYSFZK,Prod
B00060MYVW,Prod
B0000D9N35,Prod
B000ALFM3O,Prod
B0000DJDHN,Prod
B0002ARQYQ,Prod
B002Y2QT2K,Prod
B0000CDBRM,Prod
B0000CGE3G,Prod
B003R0LKSG,Prod
B00060XKM4,Prod
B001IZM91Y,Prod
B0011CVMRG,Prod
B00023ILXI,Prod
B002UL1MUY,Prod
B0000CDBRY,Prod
B005K4Q4KG,Prod
B001B1KH1Y,Prod
B001HN5Z4K,Prod
B000G176CI,Prod
B000Z3ODRI,Prod
B0000D17HK,Prod
B0058ORTXY,Prod
B0046H312W,Prod
B001WAL1PA,Prod
B0000CEU6P,Prod
B0000DBN1F,Prod
B000084F6F,Prod
B0000DBN2F,Prod
B000NO93PQ,Prod
B001SAV3C0,Prod
B000HVVMQI,Prod
B0095CN6SC,Prod
B001B4VOQI,Prod
B0000DG72R,Prod
B001D4D0TU,Prod
B001FA1KFS,Prod
B0011EO7WQ,Prod
B000JJHDVG,Prod
B00363F4EK,Prod
B00004RYGX,Prod
B003OB4BOS,Prod
B00472I5A4,Prod
B00503DOWS,Prod
B00110HIJY,Prod
B000SQLQ0Y,Prod
B001XWNIUI,Prod
B0000DGF5S,Prod
B0011MTYF8,Prod
B0016BU8PE,Prod
B0062MZU3W,Prod
B000H27I5Q,Prod
B0044M10OK,Prod
B0007PNKRI,Prod
B004XQV4S4,Prod
B0017ZDZOU,Prod
B002YFZ7IY,Prod
B00750YHH0,Prod
B0000DJ7RX,Prod
B0002YW26E,Prod
B0002DGRRA,Prod
B008MMFDLE,Prod
B004LS4PRG,Prod
B0070XVW3E,Prod
B001IZM92I,Prod
B0029K1ARG,Prod
B0037QTLFY,Prod
B001LGGH40,Prod
B0000CD9PM,Prod
B0073TOZTI,Prod
B00016LZS4,Prod
B00127T7TK,Prod
B0033HPPIO,Prod
B0000DIX2R,Prod
B0000D9N8O,Prod
B000EVT05G,Prod
B0037QRIYU,Prod
B0000DID60,Prod
B000GQ816I,Prod
B005P0NA7U,Prod
B000R2DUTY,Prod
B000EYRHL2,Prod
B0000DCXFW,Prod
B000H28AGM,Prod
B0035AYYL8,Prod
B00009ZJ48,Prod
B0012NUVN0,Prod
B0000CEQUJ,Prod
B0093NJM7C,Prod
B0000BXJIS,Prod
B001ACDOA0,Prod
B0000CDBRQ,Prod
B001J8H1E0,Prod
B000Z3IPZY,Prod
B0000DG55B,Prod
B004JLU8D0,Prod
B0000DG86W,Prod
B003JA5KBW,Prod
B004CP5UVS,Prod
B000VY16AS,Prod
B007RTSPEU,Prod
B001BOX9AM,Prod
B001QE96CW,Prod
B002C6KJOC,Prod
B0042GWKWO,Prod
B000FA39AS,Prod
B00008433V,Prod
B005HUVT6M,Prod
B00141WDXG,Prod
B000Z3ODTG,Prod
B0036QD9VC,Prod
B0018CJWPI,Prod
B002YLI9E2,Prod
B001VNGH4I,Prod
B000OC2B9M,Prod
B000H23ZE4,Prod
B00269K1FC,Prod
B0000VZPIQ,Prod
B004YV80OE,Prod
B0000KC2CO,Prod
B000XHTD1W,Prod
B002S2XR3U,Prod
B001E5DZWU,Prod
B001FA1SDC,Prod
B000JSQKS4,Prod
B00023323W,Prod
B0000V8IOE,Prod
B000EVT08S,Prod
B0012KIBP8,Prod
B005K4Q1T0,Prod
B000JUK4OS,Prod
B000KFZ3LQ,Prod
B005ZBZLPI,Prod
B0000DISV7,Prod
B000VIMPJ0,Prod
B002XKHET0,Prod
B002PA1AVG,Prod
B003LJZU2K,Prod
B0018CFQJO,Prod
B00141OX52,Prod
B001ONVOFC,Prod
B0000CERXU,Prod
B002ZOCEMG,Prod
B002XQL1DO,Prod
B002ZOCEX0,Prod
B0000D9N38,Prod
B000G6TNS8,Prod
B002ATCFX4,Prod
B000LRG16E,Prod
B004OW342G,Prod
B000QV2GRS,Prod
B0000GG256,Prod
B0000C69FI,Prod
B002UZW4LG,Prod
B0014KZM7G,Prod
B000ITRABA,Prod
B000LO40AG,Prod
B0000W4PDQ,Prod
B0000DCX9P,Prod
B004TPKAN4,Prod
B000JOE224,Prod
B0005ZHPFI,Prod
B007TJGZ0Y,Prod
B0000CNU2J,Prod
B0000CG4I0,Prod
B0018CE5L4,Prod
B00004RBDU,Prod
B000PDN3E2,Prod
B0002NYK7O,Prod
B001SAVUM8,Prod
B0000DJ7YW,Prod
B0000E6I02,Prod
B000LKVD5U,Prod
B0007Q2GRC,Prod
B000EISKJ6,Prod
B009AFJ3I6,Prod
B008EG58V8,Prod
B001710K88,Prod
B0000DG56P,Prod
B0005ZYSI0,Prod
B007Y8LWEY,Prod
B00120XR0M,Prod
B0090X8IPM,Prod
B002FZLJWG,Prod
B000G6MBUA,Prod
B000WEPI1K,Prod
B000NV9VQU,Prod
B0000DJ8BW,Prod
B001B4TTWO,Prod
B000NBQUNW,Prod
B00008DFNV,Prod
B0035AR8CA,Prod
B000WFLXWW,Prod
B0000DIRZS,Prod
B0000DG71V,Prod
B0007A0APS,Prod
B0033P2RN2,Prod
B001KUVTM2,Prod
B002TMV3E4,Prod
B002CN7F06,Prod
B0000DIX2N,Prod
B005UWTOJG,Prod
B001EQ55MM,Prod
B000CSKKE6,Prod
B0004MTZQE,Prod
B0029JYSOY,Prod
B00008JOL0,Prod
B001EQ55ZO,Prod
B001UKBDGY,Prod
B000ALI6OQ,Prod
B0009JJB6G,Prod
B0000D94PA,Prod
B000R93CJK,Prod
B0000DBN1L,Prod
B000ILEIUE,Prod
B001QEEXCK,Prod
B002HNC8VW,Prod
B000WFLUK2,Prod
B0000DG55L,Prod
B0000GHNUE,Prod
B000Z3IQ0S,Prod
B000CCIF58,Prod
B00032GJMS,Prod
B003C5TCYU,Prod
B0006SKCVI,Prod
B004PY36VC,Prod
B007JQKG2K,Prod
B003L8VGFQ,Prod
B0000CGE1S,Prod
7310172101,Prod
B000LKXG64,Prod
B002IEVJRY,Prod
B0060KOF78,Prod
B0000CERIH,Prod
B002I9UKWE,Prod
B0000CEU7D,Prod
B00017LF24,Prod
B001D0GV90,Prod
B000GFYRJE,Prod
B001IA3S1Y,Prod
B0010OO6Z0,Prod
B0031E3GYO,Prod
B0000DISUX,Prod
B00120VWSQ,Prod
B00141UC9I,Prod
B00020XNTS,Prod
B0009XWX26,Prod
B0000D9N7T,Prod
B0047YYSPS,Prod
B0000DIYUA,Prod
B0000CERDY,Prod
B00014VTNW,Prod
B00120U5DY,Prod
B002YJ6K2M,Prod
B000FYXBPW,Prod
B003QWIGGO,Prod
B0000DG71O,Prod
B0000CD9V4,Prod
B0000CDBQL,Prod
B000V4WZ0S,Prod
B00141OU50,Prod
B00064VQO4,Prod
B0058AMY5G,Prod
B0049T6QOW,Prod
B0000DIVVO,Prod
B000AQFQC6,Prod
B0002DGRSY,Prod
B002HKBQK4,Prod
B0001GCAR4,Prod
B004LOABSC,Prod
B00005C2M2,Prod
B0002UEEAA,Prod
B000DINB5U,Prod
B005VDDQB6,Prod
B001EO69NS,Prod
B0047417O8,Prod
B000EMM97Q,Prod
B001G0MG0A,Prod
B0000DID5R,Prod
B0001AO8DY,Prod
B008AV5HLS,Prod
B003UEJ8CO,Prod
B0000DBN1I,Prod
B0000D954D,Prod
B0000D958O,Prod
B002HQLY7S,Prod
B001SAQFPK,Prod
B0058ORXRQ,Prod
B0018OL2ZE,Prod
B0000DISV5,Prod
B001BIXJG2,Prod
B006MONQMC,Prod
B0000D9MZM,Prod
B0005XO85A,Prod
B000JLESPI,Prod
B003R0LKRC,Prod
B005CGUTGC,Prod
B00004CXX9,Prod
B00005IX98,Prod
B001QE7J2G,Prod
B003J9QJCW,Prod
B003J1RRV2,Prod
B0000DBN2G,Prod
B0000DG4MO,Prod
B003T0E1ZS,Prod
B0007OPW5C,Prod
B004MA3J8Y,Prod
B0037V0N74,Prod
B0000DG55M,Prod
B003P9XFXW,Prod
B001E53020,Prod
B004Z83LC2,Prod
B0058AMY10,Prod
B004XRIXNC,Prod
B00294TUQA,Prod
B0037NUGXI,Prod
B0000CDBRP,Prod
B0000DJ7TL,Prod
B0000DG72N,Prod
B0000D15YQ,Prod
B00415HNOG,Prod
B000QFRJSA,Prod
B000EVOSH6,Prod
B000EXS68Q,Prod
B000EA2DA6,Prod
B004WESH7S,Prod
B000KEK6X2,Prod
B0094Z2DL6,Prod
B000084ETV,Prod
B0001FQV5C,Prod
B003DVMYUW,Prod
B009IQLAQK,Prod
B001E96JZ6,Prod
B00112ILZM,Prod
B004NBCQUO,Prod
B000VXU43E,Prod
B0000CDBRA,Prod
B000LRG04C,Prod
B004MA04LY,Prod
B003N0QUSK,Prod
B000EMOD5M,Prod
B0018CG13Y,Prod
B00178W9VW,Prod
B002XWZH1U,Prod
B001LGGH54,Prod
B0018CEA50,Prod
B00344R71Y,Prod
B0000D17RB,Prod
B000T6AHW6,Prod
B001LESTKW,Prod
B0009X2A60,Prod
B000F9ZM7M,Prod
B004U49QU2,Prod
B001E5E0FG,Prod
B0011BPL1U,Prod
B002LEKLJ8,Prod
B0000DJ6NG,Prod
B0076MLL12,Prod
B00061KZ2G,Prod
B0000GG25G,Prod
B0028PDGZQ,Prod
B000VVY0WW,Prod
B0002QX3Q0,Prod
B0012XBD7I,Prod
B001EOMQ94,Prod
B0000GHNSQ,Prod
B002ZOG2K6,Prod
B000H241DS,Prod
B0009XQSAY,Prod
B003VXE46Y,Prod
B00063DZT4,Prod
B000X1SBBQ,Prod
B002RTK5L6,Prod
B0000DID5Q,Prod
B0000DGF9V,Prod
B000RY5EVO,Prod
B0000C69FB,Prod
B0000CFH7B,Prod
B003GTR8IO,Prod
B003ZXJEJC,Prod
B000VEI1HO,Prod
B000FF3UYI,Prod
B001SAXPEO,Prod
B004E5F9OE,Prod
B004EDFLWQ,Prod
B002146732,Prod
B000SQMJE6,Prod
B000084F3O,Prod
B000JKJJHG,Prod
B000TZ8WEC,Prod
B004LXQHZO,Prod
B002U7EAI4,Prod
B000CC9V42,Prod
B001PQTYN2,Prod
B002VC550K,Prod
B003UI9R8K,Prod
B0000DJ7SX,Prod
B0000DG72O,Prod
B000GJ5JO2,Prod
B0053WMOKY,Prod
B0070SGNS8,Prod
B0000DJ7SD,Prod
B003N0ZEKU,Prod
B003F1MUN6,Prod
B001E5DWW8,Prod
B0002ASMT4,Prod
B007JFMIWW,Prod
B0000DJ7YT,Prod
B001D9JC0G,Prod
B001EQ56O4,Prod
B00016LA8Y,Prod
B0000E5JP6,Prod
B001SAY0DO,Prod
B0000CAV3B,Prod
B0016BS3BK,Prod
B0009S1NXG,Prod
B0006004C8,Prod
B000VXU43Y,Prod
B000W738SW,Prod
B00016LZT8,Prod
B0026A1CHC,Prod
B002D8E166,Prod
B0000DID5X,Prod
B0044CPA28,Prod
B0000CERCD,Prod
B001SAZCVI,Prod
B001E5DZZM,Prod
B0000D9MSP,Prod
B000E18CS2,Prod
B0002268R0,Prod
B001E50TJC,Prod
B004DKQNMC,Prod
B003O7VULY,Prod
B002Y8QELK,Prod
B00117Q456,Prod
B000YT9CQU,Prod
B002U58QFE,Prod
B0051COPH6,Prod
B0000DG5AA,Prod
B0012V1G0Y,Prod
B0012KB4U2,Prod
B000KV7ZGQ,Prod
B0000DG5AO,Prod
B007XXLWHW,Prod
B0029YKQ3Q,Prod
B002B9HC6I,Prod
B006Y0OAG0,Prod
B000IK8V2G,Prod
B001E5DZTS,Prod
B0000DG56C,Prod
B001CRSR0U,Prod
B004I8EUBA,Prod
B0009Z66HW,Prod
B007Y8MJPA,Prod
B001E6K6B2,Prod
B00473UO7A,Prod
B001EPPJX8,Prod
B0080LMFY0,Prod
B001CHJ01A,Prod
B0002NYK7Y,Prod
B001SAZ0WO,Prod
B001D9ZV5G,Prod
B0000DG5AE,Prod
B000N648JU,Prod
B0012EWIJY,Prod
B008EG5ADY,Prod
B000LQLV3S,Prod
B0042GUIGO,Prod
B001H8HP48,Prod
B0000DG59Q,Prod
B0000CDBRZ,Prod
B0000D9N17,Prod
B008JHROIM,Prod
B001E5E2TK,Prod
B003D5MQOW,Prod
B001EQ5NJM,Prod
B001AJ1ULS,Prod
B0000E21YT,Prod
B004X3VRLG,Prod
B0000DG5A8,Prod
B001CSCWXM,Prod
B000Z3MBMC,Prod
B00423UVJQ,Prod
B000KSRTM4,Prod
B00465T17I,Prod
B004BRZ6Y8,Prod
B000NBWO1E,Prod
B004UC0GIU,Prod
B007N3KR7S,Prod
B0060JMVM0,Prod
B001AJ7LW0,Prod
B000SDKDM4,Prod
B004PEGIJY,Prod
B001KYK3OS,Prod
B0000CEQY4,Prod
B0094Z2EOW,Prod
B0005ZUG86,Prod
B0002DGRPC,Prod
B004BKLHOS,Prod
B0000CEU7J,Prod
B000LKTTTW,Prod
B0025UC2DQ,Prod
B0047726E0,Prod
B000NP10GU,Prod
B004VITJY0,Prod
B001ZWHGFO,Prod
B005OVPK9G,Prod
B000634A6Q,Prod
B005ZBZLT4,Prod
B001DY6TWU,Prod
B0000D1675,Prod
B000KEPBBY,Prod
B000JMDGZ0,Prod
B003TJ0Y1O,Prod
B000PKL568,Prod
B000IKCOLA,Prod
B000ED9LSU,Prod
B00066N9EM,Prod
B000BVY02M,Prod
B000634IC2,Prod
B004ZIER34,Prod
B0000DGG1U,Prod
B001E5E29A,Prod
B004LO5ECA,Prod
B000633OUE,Prod
B000ILIHA6,Prod
B000W5AQ98,Prod
B00014JNI0,Prod
B00064VQNU,Prod
B000Z3P9FS,Prod
B0000CH39S,Prod
B001EQ59CS,Prod
B000G6O2QG,Prod
B000R2DUXK,Prod
B000EDDS6Q,Prod
B00025DKYG,Prod
B0000GGHN8,Prod
7310172001,Prod
B000WFNC9O,Prod
B0000CD9TF,Prod
B0020VT5QM,Prod
B000W5SLHW,Prod
B002OL2MWM,Prod
B0000TU8NK,Prod
B0000D9MY3,Prod
B0001EJ4CU,Prod
B001M1L3RA,Prod
B001EO67IK,Prod
B007OXJK3Y,Prod
B004M1PQKC,Prod
B000TZ1S2A,Prod
B000M66G7S,Prod
B000P00HXA,Prod
B004ILZBTC,Prod
B000BZ1OUO,Prod
B001M09C8I,Prod
B0000E224H,Prod
B004M19VKI,Prod
B00472OAJ4,Prod
B0000GHNTK,Prod
B000WFMCFE,Prod
B00609PJLU,Prod
B000JOTWPG,Prod
B0000CDBPX,Prod
B001GH19PG,Prod
B0000DG586,Prod
B005F5KAYQ,Prod
B00020XNUC,Prod
B0046H53AK,Prod
B000W5QT3A,Prod
B0000DIVVK,Prod
B003R0LM48,Prod
B0000DIX2M,Prod
B0000CDBRJ,Prod
B005JOLLVE,Prod
B0025UNVXQ,Prod
B000W7V7X0,Prod
B0002AHT84,Prod
B0000DIYII,Prod
B001EO7HE8,Prod
B008EL7KCI,Prod
B0000DG4N7,Prod
B001GJJQMC,Prod
B00474N5N4,Prod
B0004N0H24,Prod
